User ID,Device Model,Operating System,App Usage Time (hr/day),App Usage Time (min/day),Screen On Time (hours/day),Battery Drain (mAh/day),Number of Apps Installed,Data Usage (MB/day),Age,Gender,User Behavior Class
1,Google Pixel 5,Android,6.55,393,6.4,2705.2,67,1122,40,Male,4
2,OnePlus 9,Android,4.466666667,268,4.7,2041.7,42,944,47,Female,3
3,Xiaomi Mi 11,Android,2.566666667,154,4,1513.5,32,322,42,Male,2
4,Google Pixel 5,Android,3.983333333,239,4.8,2049.8,56,871,20,Male,3
5,iPhone 12,iOS,3.116666667,187,4.3,1938.1,58,988,31,Female,3
6,Google Pixel 5,Android,1.65,99,2,1233.4,35,564,31,Male,2
7,Samsung Galaxy S21,Android,5.833333333,350,7.3,2746.1,66,1054,21,Female,4
8,OnePlus 9,Android,9.05,543,11.4,3808.2,82,1702,31,Male,5
9,Samsung Galaxy S21,Android,5.666666667,340,7.7,2807.6,75,1053,42,Female,4
10,iPhone 12,iOS,7.066666667,424,6.6,2812.4,75,1301,42,Male,4
11,Google Pixel 5,Android,0.883333333,53,1.4,805.9,17,162,34,Female,1
12,OnePlus 9,Android,3.583333333,215,5.5,2051.8,47,641,24,Male,3
13,OnePlus 9,Android,7.7,462,6.2,2764.9,65,1099,57,Female,4
14,Xiaomi Mi 11,Android,3.583333333,215,4.9,1989.4,43,857,43,Male,3
15,iPhone 12,iOS,3.15,189,5.4,2036.9,53,779,49,Female,3
16,Google Pixel 5,Android,8.383333333,503,10.4,3673.2,84,2025,39,Female,5
17,OnePlus 9,Android,2.2,132,3.6,1438.4,32,344,47,Female,2
18,iPhone 12,iOS,4.983333333,299,5.8,2216.2,41,985,44,Female,3
19,Google Pixel 5,Android,1.35,81,1.4,853.7,16,297,26,Female,1
20,iPhone 12,iOS,9.616666667,577,8.5,3575.5,89,2192,29,Female,5
21,Samsung Galaxy S21,Android,1.55,93,2.6,1277.2,37,302,45,Female,2
22,OnePlus 9,Android,9.6,576,11.6,3861.3,82,1553,43,Female,5
23,Samsung Galaxy S21,Android,7.05,423,6.5,2776.2,65,1372,23,Female,4
24,Google Pixel 5,Android,4.866666667,292,5.6,2194.2,46,949,37,Female,3
25,OnePlus 9,Android,3.6,216,4,1919.8,59,748,58,Male,3
26,Samsung Galaxy S21,Android,1.516666667,91,3.4,1388.4,38,451,52,Male,2
27,iPhone 12,iOS,7.4,444,7.6,2935.2,77,1002,29,Male,4
28,Google Pixel 5,Android,8.533333333,512,10.5,3669.6,89,1599,33,Male,5
29,OnePlus 9,Android,7.533333333,452,6.8,2895.3,77,1456,55,Female,4
30,Samsung Galaxy S21,Android,6.866666667,412,6.2,2765.7,78,1384,19,Female,4
31,Xiaomi Mi 11,Android,4.333333333,260,6,2187.6,44,889,37,Female,3
32,Xiaomi Mi 11,Android,3.283333333,197,4.6,1989.2,59,975,25,Male,3
33,Google Pixel 5,Android,4.633333333,278,4.7,2091.4,55,917,21,Male,3
34,Google Pixel 5,Android,0.766666667,46,2,853.8,14,105,58,Male,1
35,Xiaomi Mi 11,Android,9.883333333,593,10.2,3719.3,81,1616,38,Female,5
36,Samsung Galaxy S21,Android,0.533333333,32,1.2,759,19,153,20,Female,1
37,iPhone 12,iOS,2.033333333,122,3.3,1406,30,573,26,Male,2
38,Samsung Galaxy S21,Android,8.7,522,11.2,3851.8,93,2328,24,Male,5
39,OnePlus 9,Android,7.883333333,473,6.4,2860.7,74,1400,40,Male,4
40,Samsung Galaxy S21,Android,6.633333333,398,6.2,2723.7,77,1180,23,Male,4
41,Xiaomi Mi 11,Android,4,240,4.7,2010.8,52,708,56,Female,3
42,OnePlus 9,Android,9.6,576,10.1,3761.3,83,2323,33,Male,5
43,Samsung Galaxy S21,Android,2,120,2.1,1268.2,39,392,43,Male,2
44,Samsung Galaxy S21,Android,2.533333333,152,3.7,1485.6,32,429,18,Male,2
45,Xiaomi Mi 11,Android,2.3,138,2.4,1292.2,21,572,56,Female,2
46,Xiaomi Mi 11,Android,8.366666667,502,10.9,3758.8,96,1935,39,Male,5
47,OnePlus 9,Android,9.3,558,8.4,3502.4,97,1594,22,Female,5
48,Samsung Galaxy S21,Android,2.3,138,3.6,1423.3,25,323,27,Female,2
49,Google Pixel 5,Android,9.666666667,580,8.2,3553.5,90,2262,49,Male,5
50,OnePlus 9,Android,9.816666667,589,8.7,3575,82,1997,49,Male,5
51,Xiaomi Mi 11,Android,7.533333333,452,7.4,2915.4,61,1417,54,Female,4
52,Xiaomi Mi 11,Android,4.083333333,245,5.9,2179.2,52,885,29,Male,3
53,Samsung Galaxy S21,Android,2.083333333,125,2.7,1314,28,393,27,Female,2
54,Xiaomi Mi 11,Android,1.616666667,97,2.2,1244.8,38,375,53,Male,2
55,Google Pixel 5,Android,8.6,516,8.7,3499.9,83,2189,53,Female,5
56,iPhone 12,iOS,1.133333333,68,1.6,835.8,14,111,30,Male,1
57,OnePlus 9,Android,1.066666667,64,1.1,763.4,10,161,42,Female,1
58,OnePlus 9,Android,8.983333333,539,8.4,3535.2,89,2415,26,Male,5
59,Xiaomi Mi 11,Android,7.133333333,428,7,2850.1,75,1144,22,Male,4
60,iPhone 12,iOS,5.416666667,325,7.1,2682.6,64,1053,56,Male,4
61,Xiaomi Mi 11,Android,8.7,522,11.9,3845.3,85,1663,28,Female,5
62,Xiaomi Mi 11,Android,5.15,309,7.5,2768.3,77,1253,57,Female,4
63,Xiaomi Mi 11,Android,1.316666667,79,1.9,888.1,14,128,55,Male,1
64,Xiaomi Mi 11,Android,9.083333333,545,11.5,3839.4,87,1717,21,Female,5
65,Samsung Galaxy S21,Android,7.65,459,7,2862.1,67,1091,43,Male,4
66,iPhone 12,iOS,3.75,225,4,1915.7,48,917,56,Male,3
67,iPhone 12,iOS,4.283333333,257,4.5,2044.9,57,912,55,Male,3
68,Xiaomi Mi 11,Android,2.233333333,134,4,1508.6,35,449,28,Female,2
69,iPhone 12,iOS,8.6,516,10.2,3660.7,98,1547,31,Male,5
70,Google Pixel 5,Android,1.366666667,82,1.7,889.7,16,284,29,Female,1
71,Samsung Galaxy S21,Android,7.533333333,452,7.2,2867.7,64,1090,45,Female,4
72,iPhone 12,iOS,8.683333333,521,9,3535.8,97,1701,37,Male,5
73,Google Pixel 5,Android,7.616666667,457,6.3,2771.5,66,1082,22,Male,4
74,Xiaomi Mi 11,Android,0.516666667,31,1.1,727.1,11,208,50,Female,1
75,iPhone 12,iOS,0.783333333,47,2,857.2,14,125,39,Male,1
76,Xiaomi Mi 11,Android,3.816666667,229,5.7,2116.8,43,985,23,Female,3
77,Xiaomi Mi 11,Android,0.566666667,34,2,839.5,14,122,54,Female,1
78,Google Pixel 5,Android,2.883333333,173,2.5,1347.8,29,301,30,Female,2
79,Samsung Galaxy S21,Android,1.3,78,1.8,884.8,17,138,51,Female,1
80,Google Pixel 5,Android,3.833333333,230,5.7,2145.6,52,989,34,Female,3
81,OnePlus 9,Android,9.416666667,565,10.6,3782.6,99,1603,51,Female,5
82,iPhone 12,iOS,2.866666667,172,2.8,1386.2,22,549,41,Male,2
83,Xiaomi Mi 11,Android,5.5,330,7.2,2748.3,77,1133,21,Female,4
84,Xiaomi Mi 11,Android,0.65,39,1.8,811.5,11,105,19,Male,1
85,Google Pixel 5,Android,3.716666667,223,4.5,1974.8,56,695,33,Female,3
86,Google Pixel 5,Android,6.733333333,404,7.4,2850.9,63,1352,44,Male,4
87,Samsung Galaxy S21,Android,2.516666667,151,2.4,1303.5,25,392,39,Male,2
88,Samsung Galaxy S21,Android,0.566666667,34,1.5,785.9,11,276,44,Male,1
89,Xiaomi Mi 11,Android,2.283333333,137,3.3,1406.5,31,348,34,Female,2
90,Samsung Galaxy S21,Android,5.016666667,301,6.2,2600.6,75,1303,45,Male,4
91,Google Pixel 5,Android,1.933333333,116,2.1,1254.4,39,307,40,Female,2
92,Google Pixel 5,Android,4.85,291,4.1,2000.7,46,827,32,Female,3
93,iPhone 12,iOS,1.4,84,1.4,856.4,16,284,56,Female,1
94,iPhone 12,iOS,2.233333333,134,2.5,1287.4,24,367,35,Male,2
95,Samsung Galaxy S21,Android,6.85,411,7.5,2872.3,72,1083,58,Male,4
96,Xiaomi Mi 11,Android,5.433333333,326,7.2,2763.1,73,1454,50,Male,4
97,iPhone 12,iOS,9.166666667,550,9.5,3640.9,91,1946,20,Male,5
98,OnePlus 9,Android,8.6,516,12,3870.8,82,1968,28,Female,5
99,Google Pixel 5,Android,0.983333333,59,1.2,806,18,293,25,Female,1
100,OnePlus 9,Android,3.75,225,5.5,2079.5,44,875,50,Female,3
101,Google Pixel 5,Android,0.683333333,41,1.1,745.3,15,136,53,Male,1
102,OnePlus 9,Android,3.05,183,4.1,1844.8,45,738,19,Male,3
103,Google Pixel 5,Android,2.9,174,2.5,1399.5,37,565,32,Female,2
104,Xiaomi Mi 11,Android,4.566666667,274,4.2,2018.7,52,934,28,Male,3
105,Xiaomi Mi 11,Android,2.766666667,166,2.8,1377.3,28,360,25,Male,2
106,Xiaomi Mi 11,Android,1.1,66,1.2,794.4,12,264,36,Male,1
107,Google Pixel 5,Android,2.533333333,152,2.7,1400.3,38,596,55,Male,2
108,Google Pixel 5,Android,0.9,54,1.4,818.8,17,278,23,Female,1
109,Xiaomi Mi 11,Android,3.116666667,187,5.5,2045.4,55,711,50,Female,3
110,OnePlus 9,Android,3.6,216,6,2119.9,41,889,39,Female,3
111,OnePlus 9,Android,1.583333333,95,3.8,1406.6,26,459,41,Female,2
112,Xiaomi Mi 11,Android,8.133333333,488,8.6,3469.1,84,2344,19,Male,5
113,Google Pixel 5,Android,4.916666667,295,5.1,2115.1,45,748,27,Female,3
114,Samsung Galaxy S21,Android,2.266666667,136,3.2,1404.7,33,404,42,Male,2
115,Xiaomi Mi 11,Android,7.85,471,7.9,3036.4,76,1324,54,Female,4
116,iPhone 12,iOS,2.016666667,121,3.2,1406.9,34,596,39,Male,2
117,iPhone 12,iOS,1.25,75,1.2,811.1,13,281,18,Male,1
118,iPhone 12,iOS,3.666666667,220,5.2,2055.2,49,909,27,Female,3
119,Samsung Galaxy S21,Android,1.366666667,82,1.6,852.7,13,124,28,Female,1
120,Google Pixel 5,Android,1.616666667,97,2.7,1307.1,37,428,41,Male,2
121,Samsung Galaxy S21,Android,6.466666667,388,6.6,2737.3,71,1150,45,Female,4
122,OnePlus 9,Android,8.816666667,529,8.7,3535.2,89,2189,39,Female,5
123,Google Pixel 5,Android,9.733333333,584,10,3814.8,99,2391,49,Female,5
124,Google Pixel 5,Android,8.816666667,529,8.1,3457.7,96,1924,35,Male,5
125,Google Pixel 5,Android,3.783333333,227,5.1,2057.1,57,714,21,Male,3
126,Samsung Galaxy S21,Android,8.916666667,535,11.8,3964.1,99,2378,50,Male,5
127,iPhone 12,iOS,5.533333333,332,7.4,2766.8,68,1321,20,Female,4
128,Google Pixel 5,Android,4.2,252,4.2,1941.7,45,667,50,Female,3
129,Xiaomi Mi 11,Android,2.083333333,125,2.5,1315.2,34,465,31,Male,2
130,Xiaomi Mi 11,Android,1.616666667,97,3.3,1383.5,39,412,36,Female,2
131,Google Pixel 5,Android,9,540,10.8,3774.6,90,1886,40,Male,5
132,Xiaomi Mi 11,Android,5.333333333,320,7.2,2720.3,69,1226,52,Female,4
133,Google Pixel 5,Android,2.933333333,176,3.6,1502.5,30,458,40,Female,2
134,Samsung Galaxy S21,Android,1.316666667,79,1,793.2,18,139,42,Male,1
135,Xiaomi Mi 11,Android,1.383333333,83,1.6,888.2,19,285,51,Male,1
136,iPhone 12,iOS,9.25,555,11.3,3851.6,90,1856,55,Female,5
137,Samsung Galaxy S21,Android,1.1,66,1.7,861.6,16,216,39,Male,1
138,Xiaomi Mi 11,Android,3.95,237,4.5,1968.8,42,868,24,Female,3
139,Samsung Galaxy S21,Android,8.283333333,497,9.7,3616.3,94,2076,18,Male,5
140,Google Pixel 5,Android,8.6,516,11.1,3772.6,91,1796,53,Male,5
141,Xiaomi Mi 11,Android,3.65,219,5.2,2007.5,42,655,50,Female,3
142,Google Pixel 5,Android,7.466666667,448,6.3,2800,71,1337,51,Male,4
143,iPhone 12,iOS,2.6,156,2.2,1325.9,37,429,57,Female,2
144,Samsung Galaxy S21,Android,1.133333333,68,1.1,778.8,12,201,29,Male,1
145,iPhone 12,iOS,8.733333333,524,11.2,3819.6,90,2069,29,Female,5
146,iPhone 12,iOS,3.133333333,188,5.3,2019.1,45,974,35,Male,3
147,Samsung Galaxy S21,Android,7.383333333,443,7.4,2900.3,73,1026,33,Male,4
148,Xiaomi Mi 11,Android,0.866666667,52,1.6,841.7,19,234,24,Male,1
149,OnePlus 9,Android,3.8,228,4.2,1964.3,58,823,56,Male,3
150,Google Pixel 5,Android,2.483333333,149,3.7,1490.6,34,459,51,Male,2
151,iPhone 12,iOS,8.716666667,523,9.4,3555.2,92,1539,21,Male,5
152,Samsung Galaxy S21,Android,0.7,42,1.6,825.7,19,207,52,Female,1
153,Google Pixel 5,Android,2,120,2,1253.6,38,396,56,Female,2
154,OnePlus 9,Android,5.483333333,329,7.5,2773.2,72,1185,27,Female,4
155,Xiaomi Mi 11,Android,1.133333333,68,1.5,810.9,10,102,31,Female,1
156,Xiaomi Mi 11,Android,2.633333333,158,3.4,1476,36,493,32,Male,2
157,Xiaomi Mi 11,Android,1.433333333,86,1.7,889.3,19,136,54,Male,1
158,Xiaomi Mi 11,Android,5.65,339,7.8,2807.2,71,1062,51,Male,4
159,Samsung Galaxy S21,Android,5.066666667,304,6.5,2671.6,79,1493,51,Male,4
160,Xiaomi Mi 11,Android,2.183333333,131,2.4,1271.2,26,305,40,Male,2
161,Samsung Galaxy S21,Android,1.066666667,64,1.6,860.5,19,262,35,Female,1
162,Xiaomi Mi 11,Android,0.883333333,53,1.9,854.9,15,112,42,Male,1
163,Google Pixel 5,Android,7.366666667,442,7.7,2964.3,69,1440,45,Male,4
164,iPhone 12,iOS,0.533333333,32,2,850.6,18,139,22,Male,1
165,Xiaomi Mi 11,Android,4.633333333,278,4.8,2075.8,48,851,43,Female,3
166,Xiaomi Mi 11,Android,9,540,8.4,3476,98,1540,49,Female,5
167,Google Pixel 5,Android,9.916666667,595,11.3,3949.9,88,2366,30,Male,5
168,Google Pixel 5,Android,0.583333333,35,1.5,772.5,10,158,58,Male,1
169,Google Pixel 5,Android,3.75,225,5.4,2059.1,44,791,55,Female,3
170,Google Pixel 5,Android,9.783333333,587,11.8,3958.1,90,1894,47,Male,5
171,Xiaomi Mi 11,Android,1.533333333,92,3.7,1400.1,27,524,44,Male,2
172,Google Pixel 5,Android,0.766666667,46,1.1,765.1,17,208,23,Male,1
173,OnePlus 9,Android,2.55,153,2.8,1372.8,25,578,37,Female,2
174,iPhone 12,iOS,6.133333333,368,6.6,2739.3,72,1406,27,Female,4
175,Xiaomi Mi 11,Android,0.85,51,1.6,804.3,11,113,29,Female,1
176,Google Pixel 5,Android,4.65,279,5.2,2099.9,47,629,50,Female,3
177,Xiaomi Mi 11,Android,4.25,255,5.4,2096.6,42,826,21,Male,3
178,Samsung Galaxy S21,Android,3.216666667,193,5.7,2091.5,51,972,31,Female,3
179,Xiaomi Mi 11,Android,3.45,207,5.7,2085.2,52,692,38,Male,3
180,iPhone 12,iOS,8.983333333,539,11.9,3896.4,83,2007,55,Male,5
181,OnePlus 9,Android,2.516666667,151,2.4,1360.4,38,571,33,Male,2
182,Google Pixel 5,Android,7.9,474,6.4,2811.9,68,1079,24,Male,4
183,iPhone 12,iOS,9.066666667,544,9.2,3619.9,83,2416,47,Female,5
184,iPhone 12,iOS,1.216666667,73,1.2,813.8,15,275,39,Female,1
185,Xiaomi Mi 11,Android,9.95,597,10.4,3773.4,91,1564,34,Female,5
186,Google Pixel 5,Android,8.3,498,10.7,3729.5,94,1995,42,Male,5
187,iPhone 12,iOS,6.7,402,7.8,2917.8,79,1088,34,Female,4
188,OnePlus 9,Android,1.25,75,1.1,795.5,15,185,37,Male,1
189,iPhone 12,iOS,2.166666667,130,2,1235.2,21,589,30,Female,2
190,Samsung Galaxy S21,Android,0.7,42,1.1,747.5,11,265,32,Female,1
191,iPhone 12,iOS,2.233333333,134,2.2,1254,23,423,23,Male,2
192,Google Pixel 5,Android,1.316666667,79,1.9,888.4,13,161,24,Male,1
193,iPhone 12,iOS,7.2,432,7.2,2841.7,63,1127,59,Female,4
194,iPhone 12,iOS,4.366666667,262,4.1,1997,52,997,36,Male,3
195,Samsung Galaxy S21,Android,7.883333333,473,6.4,2865.7,79,1300,23,Female,4
196,Google Pixel 5,Android,3.366666667,202,4.7,1946.2,49,659,45,Female,3
197,OnePlus 9,Android,3.583333333,215,4.4,1936.8,41,991,47,Male,3
198,OnePlus 9,Android,2.516666667,151,3.7,1473.3,32,320,41,Female,2
199,OnePlus 9,Android,1.333333333,80,1.6,860.4,14,197,19,Male,1
200,Xiaomi Mi 11,Android,2.1,126,2.8,1343.1,32,431,35,Female,2
201,Samsung Galaxy S21,Android,8.25,495,8.9,3505.2,84,2252,31,Female,5
202,iPhone 12,iOS,2.116666667,127,3.7,1449.7,35,314,37,Female,2
203,Xiaomi Mi 11,Android,1.466666667,88,1.3,832.5,11,262,22,Male,1
204,Google Pixel 5,Android,1.15,69,1.6,846.6,16,146,27,Male,1
205,OnePlus 9,Android,1.666666667,100,3.3,1335.6,21,433,25,Male,2
206,Xiaomi Mi 11,Android,5.016666667,301,6.5,2636.4,71,1421,29,Male,4
207,Google Pixel 5,Android,1.3,78,1.7,873.7,15,207,37,Female,1
208,Google Pixel 5,Android,2.716666667,163,3.1,1394.2,21,419,23,Male,2
209,OnePlus 9,Android,8.983333333,539,9.3,3609.7,92,1990,41,Male,5
210,Google Pixel 5,Android,4.633333333,278,4.6,2046,47,823,40,Female,3
211,Samsung Galaxy S21,Android,7.516666667,451,6.1,2804.7,76,1434,25,Female,4
212,Samsung Galaxy S21,Android,8.016666667,481,10.9,3709,86,2017,18,Male,5
213,Samsung Galaxy S21,Android,2.216666667,133,3.4,1443.8,38,445,25,Male,2
214,Xiaomi Mi 11,Android,0.683333333,41,1.1,741.3,10,246,22,Male,1
215,iPhone 12,iOS,2.533333333,152,3.3,1431.8,29,461,42,Female,2
216,OnePlus 9,Android,9.216666667,553,8.4,3559.4,89,2471,51,Male,5
217,iPhone 12,iOS,6.7,402,6.9,2837.7,78,1397,40,Male,4
218,OnePlus 9,Android,9.25,555,9.5,3621.5,95,1565,24,Male,5
219,iPhone 12,iOS,8.316666667,499,9.6,3540.8,81,1805,52,Female,5
220,Xiaomi Mi 11,Android,1.683333333,101,3.2,1344.4,28,417,43,Male,2
221,OnePlus 9,Android,7.216666667,433,6.8,2848.3,75,1300,32,Male,4
222,OnePlus 9,Android,2.216666667,133,2,1252,31,417,32,Male,2
223,Xiaomi Mi 11,Android,5.85,351,6.1,2666,79,1290,21,Female,4
224,Samsung Galaxy S21,Android,8.866666667,532,10.7,3757.1,83,2148,53,Female,5
225,OnePlus 9,Android,1.533333333,92,2.5,1272,31,563,27,Male,2
226,Xiaomi Mi 11,Android,8.516666667,511,10.8,3812.1,97,2438,59,Female,5
227,Xiaomi Mi 11,Android,6.4,384,7,2805.6,72,1376,59,Male,4
228,iPhone 12,iOS,3.216666667,193,5.2,1990.9,49,626,32,Female,3
229,Samsung Galaxy S21,Android,2.2,132,3.8,1443.8,25,368,41,Male,2
230,Samsung Galaxy S21,Android,6,360,7.3,2809.4,79,1164,50,Male,4
231,iPhone 12,iOS,2.65,159,2.3,1336.6,32,526,38,Male,2
232,iPhone 12,iOS,8.25,495,8.9,3516,91,2150,31,Male,5
233,Xiaomi Mi 11,Android,8.95,537,10,3641.3,83,1763,35,Male,5
234,OnePlus 9,Android,2.15,129,3.4,1419,27,580,36,Female,2
235,iPhone 12,iOS,2.2,132,3.8,1468.9,28,529,53,Male,2
236,Xiaomi Mi 11,Android,0.616666667,37,1.4,800.8,18,295,19,Female,1
237,Samsung Galaxy S21,Android,8.733333333,524,8.9,3503.7,88,1730,20,Female,5
238,OnePlus 9,Android,7.083333333,425,6.9,2805.7,66,1130,19,Female,4
239,OnePlus 9,Android,1.066666667,64,1.7,839,13,107,53,Male,1
240,iPhone 12,iOS,9.55,573,10.8,3859.8,96,2118,33,Female,5
241,Google Pixel 5,Android,0.75,45,1.7,831.1,16,191,57,Female,1
242,Xiaomi Mi 11,Android,9.4,564,11.7,3912.3,81,2133,37,Female,5
243,OnePlus 9,Android,2.7,162,3.5,1477.8,36,338,51,Male,2
244,Samsung Galaxy S21,Android,7.516666667,451,6.5,2822.4,69,1341,44,Male,4
245,OnePlus 9,Android,0.5,30,1.3,769.3,16,253,35,Male,1
246,Samsung Galaxy S21,Android,3.366666667,202,5,1988.7,45,844,29,Male,3
247,Google Pixel 5,Android,1.183333333,71,1.5,851.4,17,257,33,Male,1
248,Google Pixel 5,Android,5.233333333,314,6.2,2558.3,63,1066,19,Male,4
249,Xiaomi Mi 11,Android,2.8,168,4,1528.1,22,581,50,Female,2
250,Google Pixel 5,Android,1.25,75,1.9,890,13,230,58,Female,1
251,OnePlus 9,Android,0.7,42,1.4,790.2,13,272,29,Female,1
252,OnePlus 9,Android,7.35,441,7.9,3017.7,78,1477,23,Female,4
253,Google Pixel 5,Android,8.716666667,523,10.5,3733,99,1787,22,Male,5
254,Xiaomi Mi 11,Android,1.666666667,100,2.4,1262.1,31,478,48,Female,2
255,OnePlus 9,Android,0.866666667,52,1.2,772.5,14,172,24,Female,1
256,OnePlus 9,Android,6.616666667,397,7,2810.4,77,1101,46,Female,4
257,Xiaomi Mi 11,Android,7.066666667,424,7.7,2895.9,65,1116,52,Male,4
258,Xiaomi Mi 11,Android,4.533333333,272,5,2066.3,45,686,19,Female,3
259,Xiaomi Mi 11,Android,3.35,201,4,1889.4,50,914,18,Male,3
260,Xiaomi Mi 11,Android,9.5,570,9,3683.7,98,2497,49,Female,5
261,Xiaomi Mi 11,Android,1.066666667,64,1.3,798.4,14,151,43,Female,1
262,iPhone 12,iOS,5.566666667,334,6.6,2664,68,1227,46,Female,4
263,iPhone 12,iOS,8.633333333,518,9.6,3634.2,93,2125,34,Female,5
264,Samsung Galaxy S21,Android,1.166666667,70,1.7,838.2,10,109,57,Male,1
265,iPhone 12,iOS,5.566666667,334,6.8,2700.2,77,1079,40,Female,4
266,Xiaomi Mi 11,Android,9.383333333,563,8.4,3464.5,85,1508,25,Male,5
267,iPhone 12,iOS,3.016666667,181,4.1,1837.5,43,752,22,Female,3
268,OnePlus 9,Android,9.733333333,584,9.4,3673.8,84,2151,32,Male,5
269,Samsung Galaxy S21,Android,3.466666667,208,4.7,1962.4,45,861,55,Male,3
270,Samsung Galaxy S21,Android,6.35,381,6.6,2752,69,1450,20,Male,4
271,Xiaomi Mi 11,Android,7.1,426,6.5,2808.6,78,1266,53,Female,4
272,OnePlus 9,Android,4.733333333,284,4.2,2039.5,56,888,51,Male,3
273,Google Pixel 5,Android,1.75,105,2.2,1236.3,29,453,31,Female,2
274,Google Pixel 5,Android,2.983333333,179,2.3,1369.5,32,588,38,Male,2
275,iPhone 12,iOS,2.033333333,122,2.6,1342.5,37,568,35,Male,2
276,OnePlus 9,Android,8.35,501,11.9,3833.8,88,1738,49,Male,5
277,Xiaomi Mi 11,Android,4.483333333,269,5.9,2155.6,42,629,32,Female,3
278,Google Pixel 5,Android,3.833333333,230,4.4,1978.5,52,878,54,Male,3
279,Xiaomi Mi 11,Android,1.416666667,85,1.6,853.5,12,122,47,Male,1
280,Samsung Galaxy S21,Android,6.85,411,7.8,2922.6,75,1136,33,Female,4
281,Samsung Galaxy S21,Android,1.216666667,73,1.7,853.6,12,163,51,Male,1
282,Xiaomi Mi 11,Android,0.65,39,1.7,815.8,11,268,26,Female,1
283,iPhone 12,iOS,6.433333333,386,7.7,2875.6,72,1209,51,Male,4
284,Google Pixel 5,Android,0.816666667,49,1.3,786.2,16,169,54,Female,1
285,Google Pixel 5,Android,6.85,411,6.9,2788.4,70,1024,43,Male,4
286,OnePlus 9,Android,8.9,534,10.8,3731.8,90,1538,37,Male,5
287,Samsung Galaxy S21,Android,5.233333333,314,7.4,2736.3,64,1376,47,Female,4
288,Xiaomi Mi 11,Android,3.516666667,211,4,1904.4,54,811,29,Female,3
289,OnePlus 9,Android,2.016666667,121,3.7,1460.6,36,473,47,Male,2
290,Google Pixel 5,Android,1.4,84,1.2,800.6,10,146,50,Male,1
291,OnePlus 9,Android,7.466666667,448,7.6,2912,66,1047,28,Male,4
292,Google Pixel 5,Android,0.916666667,55,1.6,837.2,19,149,30,Male,1
293,Google Pixel 5,Android,0.983333333,59,1.8,845.5,10,208,36,Female,1
294,Xiaomi Mi 11,Android,3.766666667,226,4.5,1941.2,45,649,27,Female,3
295,Samsung Galaxy S21,Android,9.666666667,580,8.5,3533.8,87,1795,52,Male,5
296,OnePlus 9,Android,1.083333333,65,1.8,869.7,18,130,41,Male,1
297,OnePlus 9,Android,7.633333333,458,6.6,2820,67,1163,31,Female,4
298,iPhone 12,iOS,2.833333333,170,2.7,1363.1,26,344,53,Female,2
299,iPhone 12,iOS,4.4,264,5.2,2085.8,44,778,44,Male,3
300,Xiaomi Mi 11,Android,2.033333333,122,3.3,1413.6,35,499,59,Female,2
301,Xiaomi Mi 11,Android,7,420,6.5,2766.4,65,1314,35,Male,4
302,iPhone 12,iOS,4.45,267,4.4,2058.1,59,971,38,Female,3
303,iPhone 12,iOS,7.816666667,469,6,2754.9,67,1086,34,Female,4
304,iPhone 12,iOS,9.016666667,541,11.4,3848.6,89,1923,34,Female,5
305,iPhone 12,iOS,2.583333333,155,2.9,1352.9,22,322,19,Female,2
306,OnePlus 9,Android,1.766666667,106,2.8,1332.7,32,594,27,Male,2
307,OnePlus 9,Android,4.05,243,5,2052.7,47,877,43,Male,3
308,OnePlus 9,Android,6.833333333,410,7.5,2872,68,1213,45,Female,4
309,iPhone 12,iOS,4.75,285,5.1,2129.6,57,666,20,Female,3
310,OnePlus 9,Android,6.616666667,397,6.8,2760,66,1167,40,Male,4
311,Samsung Galaxy S21,Android,3.833333333,230,4.2,1950.5,51,868,25,Female,3
312,iPhone 12,iOS,5.683333333,341,7.2,2728.2,68,1055,32,Female,4
313,Google Pixel 5,Android,2.2,132,2.9,1376.3,32,563,20,Male,2
314,Xiaomi Mi 11,Android,2.166666667,130,3,1327.1,21,308,49,Female,2
315,iPhone 12,iOS,4.683333333,281,4.9,2102.9,59,632,29,Male,3
316,OnePlus 9,Android,1.233333333,74,2,882,11,103,55,Female,1
317,OnePlus 9,Android,4.983333333,299,4.3,2039,43,953,42,Female,3
318,Google Pixel 5,Android,1.933333333,116,2.2,1249.1,29,434,28,Female,2
319,OnePlus 9,Android,6.8,408,6.6,2732.6,63,1076,47,Female,4
320,Google Pixel 5,Android,8.466666667,508,11.3,3824.4,81,2481,51,Male,5
321,iPhone 12,iOS,3.783333333,227,4.4,1997.1,56,984,22,Female,3
322,Google Pixel 5,Android,4.566666667,274,6,2219.9,56,666,57,Female,3
323,Google Pixel 5,Android,5.783333333,347,6.3,2647.3,61,1456,21,Female,4
324,Xiaomi Mi 11,Android,1.266666667,76,1.3,814.9,14,156,31,Female,1
325,iPhone 12,iOS,7.416666667,445,7.5,2938.8,78,1115,23,Male,4
326,OnePlus 9,Android,3.383333333,203,4.3,1912.5,54,638,25,Female,3
327,Samsung Galaxy S21,Android,3.316666667,199,6,2144.4,57,881,55,Male,3
328,OnePlus 9,Android,0.8,48,2,870.7,18,127,24,Female,1
329,OnePlus 9,Android,1.466666667,88,1.6,872.7,12,274,31,Female,1
330,iPhone 12,iOS,9.016666667,541,8.3,3466.3,89,1820,42,Female,5
331,Google Pixel 5,Android,3.883333333,233,4.6,1989.3,49,796,21,Female,3
332,iPhone 12,iOS,2.933333333,176,3.8,1534.9,36,362,47,Female,2
333,OnePlus 9,Android,3.183333333,191,6,2100.1,45,904,54,Male,3
334,Google Pixel 5,Android,7.683333333,461,7.5,2954.1,69,1324,34,Female,4
335,Samsung Galaxy S21,Android,0.616666667,37,1.5,807.9,18,246,46,Female,1
336,OnePlus 9,Android,8.85,531,9.8,3644.2,99,1632,45,Female,5
337,Samsung Galaxy S21,Android,7.883333333,473,7.9,3011.9,62,1472,44,Male,4
338,Samsung Galaxy S21,Android,0.5,30,1.3,766.2,15,252,34,Male,1
339,iPhone 12,iOS,5.1,306,6.1,2594.9,70,1449,46,Male,4
340,iPhone 12,iOS,1.066666667,64,1.2,783.8,13,155,30,Male,1
341,iPhone 12,iOS,1.25,75,1,781.3,13,223,43,Male,1
342,iPhone 12,iOS,9.95,597,10.3,3788.3,90,1863,26,Female,5
343,iPhone 12,iOS,8.816666667,529,10.5,3694.6,87,1683,56,Male,5
344,iPhone 12,iOS,4.833333333,290,6,2233.2,54,645,57,Female,3
345,iPhone 12,iOS,4.266666667,256,5.8,2177.3,52,840,43,Male,3
346,iPhone 12,iOS,5.133333333,308,7.7,2796.8,73,1431,37,Female,4
347,OnePlus 9,Android,2.6,156,3.3,1462.7,38,447,57,Female,2
348,Samsung Galaxy S21,Android,1.033333333,62,1.4,831.3,18,266,46,Male,1
349,Google Pixel 5,Android,2.6,156,3.8,1517,34,510,26,Male,2
350,Samsung Galaxy S21,Android,5.05,303,7.4,2728.7,66,1387,34,Male,4
351,Samsung Galaxy S21,Android,7.716666667,463,6.9,2910.6,73,1463,54,Male,4
352,Google Pixel 5,Android,1,60,1.5,830.1,14,281,35,Female,1
353,Google Pixel 5,Android,3.75,225,4.6,2003.4,52,954,20,Female,3
354,Samsung Galaxy S21,Android,6.316666667,379,7.5,2816.8,68,1075,53,Female,4
355,OnePlus 9,Android,0.883333333,53,1.4,791.3,14,106,54,Female,1
356,Samsung Galaxy S21,Android,0.5,30,1.9,853.7,19,287,45,Male,1
357,iPhone 12,iOS,4.85,291,4.1,2023.5,51,905,55,Female,3
358,iPhone 12,iOS,8.133333333,488,9.5,3565.3,92,1986,48,Female,5
359,Google Pixel 5,Android,1.233333333,74,2,903,13,253,44,Female,1
360,Samsung Galaxy S21,Android,3.833333333,230,4.6,2008.2,55,845,54,Female,3
361,Samsung Galaxy S21,Android,8.616666667,517,11.8,3884.1,86,2208,26,Male,5
362,OnePlus 9,Android,9.283333333,557,10.4,3742.6,97,1609,22,Male,5
363,Xiaomi Mi 11,Android,1.3,78,1.5,842.9,11,259,38,Female,1
364,iPhone 12,iOS,5.35,321,7.9,2817.9,64,1499,45,Male,4
365,Xiaomi Mi 11,Android,9.65,579,8.6,3549.5,84,1935,34,Male,5
366,OnePlus 9,Android,6.366666667,382,7.2,2808.4,67,1341,22,Male,4
367,Xiaomi Mi 11,Android,8.6,516,11.6,3802.7,82,1767,29,Female,5
368,OnePlus 9,Android,9.966666667,598,11.2,3944,85,2477,58,Female,5
369,OnePlus 9,Android,1.7,102,3.9,1452.8,36,408,49,Female,2
370,iPhone 12,iOS,2.75,165,2.4,1363.3,35,503,34,Male,2
371,iPhone 12,iOS,9.3,558,9.8,3623.8,83,1548,25,Female,5
372,Google Pixel 5,Android,9.35,561,10.6,3760.3,86,1823,22,Male,5
373,Samsung Galaxy S21,Android,8.516666667,511,10.9,3795.8,91,2335,59,Female,5
374,Google Pixel 5,Android,9.333333333,560,11.3,3854,95,1663,25,Female,5
375,OnePlus 9,Android,1.15,69,1.3,800.4,12,164,42,Male,1
376,OnePlus 9,Android,0.733333333,44,1.1,764.9,17,232,26,Male,1
377,iPhone 12,iOS,1.083333333,65,1.7,853.9,17,122,51,Female,1
378,Google Pixel 5,Android,7.633333333,458,6,2726.9,63,1072,31,Female,4
379,Samsung Galaxy S21,Android,8.75,525,10.8,3755.3,99,1623,57,Male,5
380,OnePlus 9,Android,1.766666667,106,3,1298.6,22,313,51,Male,2
381,iPhone 12,iOS,3.133333333,188,4.6,1909,47,653,34,Male,3
382,iPhone 12,iOS,8.216666667,493,10.4,3683.6,99,1813,39,Male,5
383,OnePlus 9,Android,1.4,84,1.5,878.9,19,299,37,Female,1
384,OnePlus 9,Android,1.733333333,104,2.9,1323.9,35,322,30,Male,2
385,Samsung Galaxy S21,Android,1.7,102,3,1364.8,38,548,28,Male,2
386,iPhone 12,iOS,5.816666667,349,6.6,2700.9,78,1096,40,Female,4
387,OnePlus 9,Android,1.633333333,98,2,1212.4,32,457,28,Male,2
388,Samsung Galaxy S21,Android,1.2,72,1.3,810.9,13,199,32,Male,1
389,Xiaomi Mi 11,Android,9.383333333,563,11.6,3937.8,92,2191,34,Female,5
390,Xiaomi Mi 11,Android,1.983333333,119,2.8,1319,31,313,50,Female,2
391,OnePlus 9,Android,5.183333333,311,7.9,2771.8,69,1021,36,Male,4
392,OnePlus 9,Android,5.616666667,337,6.1,2645.2,76,1359,58,Male,4
393,Samsung Galaxy S21,Android,2.8,168,3.5,1462.3,29,313,54,Male,2
394,iPhone 12,iOS,5.516666667,331,7.4,2773.2,66,1459,53,Male,4
395,Google Pixel 5,Android,9.816666667,589,9.2,3618.7,84,1774,45,Female,5
396,Xiaomi Mi 11,Android,7.866666667,472,6.8,2863.9,61,1356,52,Male,4
397,Xiaomi Mi 11,Android,1.3,78,1.1,792.3,14,143,27,Female,1
398,iPhone 12,iOS,8.616666667,517,11.6,3868.8,90,2175,20,Male,5
399,OnePlus 9,Android,0.683333333,41,1.6,822.8,18,221,43,Female,1
400,OnePlus 9,Android,0.816666667,49,1.5,795.6,10,203,29,Male,1
401,Xiaomi Mi 11,Android,8.7,522,11.1,3775.1,86,1891,42,Male,5
402,Google Pixel 5,Android,1.616666667,97,2.7,1312.1,36,508,53,Male,2
403,iPhone 12,iOS,6.85,411,7.4,2875.4,71,1264,40,Male,4
404,Samsung Galaxy S21,Android,9.433333333,566,8.6,3519.4,89,1657,51,Female,5
405,iPhone 12,iOS,9.316666667,559,8.2,3491.5,84,2102,22,Female,5
406,Google Pixel 5,Android,7.966666667,478,7.3,2922,69,1017,43,Female,4
407,Xiaomi Mi 11,Android,2.45,147,3.2,1435.7,33,567,25,Female,2
408,OnePlus 9,Android,6.583333333,395,7.3,2790.6,61,1049,55,Female,4
409,Samsung Galaxy S21,Android,5.95,357,7.8,2858.2,74,1242,22,Female,4
410,Google Pixel 5,Android,6.75,405,6.9,2794.4,61,1434,51,Male,4
411,Samsung Galaxy S21,Android,8.35,501,11.8,3849.4,86,2074,31,Female,5
412,Xiaomi Mi 11,Android,9.583333333,575,8.2,3507.5,88,1928,50,Male,5
413,OnePlus 9,Android,4.283333333,257,5.1,2069.6,46,769,52,Female,3
414,iPhone 12,iOS,4.5,270,5,2108.7,51,957,35,Male,3
415,Google Pixel 5,Android,1.933333333,116,2,1218,22,573,33,Female,2
416,iPhone 12,iOS,1.633333333,98,2.3,1218.1,24,394,56,Male,2
417,Xiaomi Mi 11,Android,4.4,264,5.1,2093.7,52,737,27,Female,3
418,Samsung Galaxy S21,Android,9.533333333,572,11.7,3987.8,91,2481,57,Female,5
419,Xiaomi Mi 11,Android,3.366666667,202,4.9,1982.7,43,964,27,Female,3
420,iPhone 12,iOS,1.383333333,83,1.4,834.5,11,228,46,Male,1
421,iPhone 12,iOS,0.533333333,32,1.4,766.5,12,198,56,Male,1
422,iPhone 12,iOS,2.8,168,3.2,1463.4,38,414,43,Male,2
423,iPhone 12,iOS,6.933333333,416,6.1,2703.8,71,1041,22,Female,4
424,Xiaomi Mi 11,Android,0.766666667,46,1.1,764,18,167,28,Female,1
425,OnePlus 9,Android,3.35,201,5,2015.9,59,709,24,Male,3
426,Samsung Galaxy S21,Android,2.166666667,130,2.8,1339.2,24,579,37,Male,2
427,OnePlus 9,Android,1.633333333,98,2.4,1267,36,403,44,Female,2
428,OnePlus 9,Android,1.75,105,3.8,1428.9,28,489,51,Male,2
429,Xiaomi Mi 11,Android,1.566666667,94,2.3,1237.2,33,369,58,Male,2
430,Xiaomi Mi 11,Android,9,540,10.1,3720,90,2180,37,Male,5
431,iPhone 12,iOS,4.433333333,266,5.5,2175.6,59,839,22,Male,3
432,iPhone 12,iOS,2.333333333,140,3.8,1501.3,36,506,53,Male,2
433,Google Pixel 5,Android,8.9,534,10.4,3700.2,90,1702,51,Male,5
434,OnePlus 9,Android,0.766666667,46,2,857.9,15,116,42,Male,1
435,iPhone 12,iOS,9.683333333,581,8.4,3610.1,99,2304,58,Male,5
436,Xiaomi Mi 11,Android,1.75,105,3.4,1357.7,21,467,34,Female,2
437,OnePlus 9,Android,3.683333333,221,4.4,1946.9,46,862,20,Male,3
438,iPhone 12,iOS,0.683333333,41,1.7,835.8,16,291,34,Male,1
439,OnePlus 9,Android,1.75,105,3,1306.3,24,343,52,Female,2
440,Google Pixel 5,Android,2.05,123,3.9,1495.8,39,468,18,Male,2
441,Google Pixel 5,Android,4.333333333,260,5.7,2190.7,56,920,36,Female,3
442,Samsung Galaxy S21,Android,3.716666667,223,5.7,2088.4,44,751,39,Male,3
443,Google Pixel 5,Android,1.1,66,1.1,792.8,17,218,33,Male,1
444,iPhone 12,iOS,3.85,231,4,1904.4,48,724,29,Female,3
445,iPhone 12,iOS,9.25,555,8.8,3627.2,97,2402,22,Male,5
446,Samsung Galaxy S21,Android,6.3,378,7.2,2782.8,61,1318,58,Male,4
447,OnePlus 9,Android,9.1,546,8.8,3491.1,81,1641,24,Male,5
448,Samsung Galaxy S21,Android,3.9,234,5.2,2101.9,58,919,58,Male,3
449,Samsung Galaxy S21,Android,2.533333333,152,3,1359.3,22,306,22,Female,2
450,Google Pixel 5,Android,0.566666667,34,1.2,736.3,10,170,20,Female,1
451,Samsung Galaxy S21,Android,2.983333333,179,3.5,1495.3,30,466,56,Male,2
452,OnePlus 9,Android,9.85,591,11.8,3970.3,92,1903,52,Male,5
453,Samsung Galaxy S21,Android,2,120,3.3,1419.3,35,583,26,Male,2
454,Google Pixel 5,Android,1.466666667,88,1.3,828.7,13,164,43,Male,1
455,iPhone 12,iOS,2.383333333,143,3.9,1470.5,24,398,45,Male,2
456,iPhone 12,iOS,1.233333333,74,1.6,847.9,13,182,27,Female,1
457,iPhone 12,iOS,1.233333333,74,1.6,863.2,15,275,27,Female,1
458,OnePlus 9,Android,3.9,234,4.7,2028.1,55,871,46,Male,3
459,iPhone 12,iOS,0.933333333,56,1,738.9,10,142,58,Female,1
460,OnePlus 9,Android,2.9,174,2.4,1385.5,37,545,50,Male,2
461,Samsung Galaxy S21,Android,8.716666667,523,9,3506.4,91,1561,20,Female,5
462,Samsung Galaxy S21,Android,2.05,123,3.3,1411.8,36,438,55,Male,2
463,Samsung Galaxy S21,Android,3.6,216,5.9,2156.7,54,987,55,Male,3
464,iPhone 12,iOS,4.833333333,290,4.6,2069.6,50,809,23,Male,3
465,Xiaomi Mi 11,Android,1.133333333,68,1.3,804.8,10,281,26,Female,1
466,OnePlus 9,Android,4.416666667,265,4.8,2054.6,51,723,55,Female,3
467,Samsung Galaxy S21,Android,6.9,414,7.3,2862.2,75,1092,51,Male,4
468,Google Pixel 5,Android,3.966666667,238,4,1904.4,47,661,41,Female,3
469,Xiaomi Mi 11,Android,7.15,429,7.5,2865.2,61,1102,46,Male,4
470,Xiaomi Mi 11,Android,0.65,39,1.9,857.4,16,294,37,Male,1
471,Samsung Galaxy S21,Android,4.133333333,248,4.6,2027,52,883,40,Male,3
472,Xiaomi Mi 11,Android,9.016666667,541,9.4,3609.4,93,1811,53,Female,5
473,Xiaomi Mi 11,Android,2.316666667,139,3,1407.6,37,513,26,Female,2
474,iPhone 12,iOS,4.816666667,289,5,2089,45,687,29,Male,3
475,Xiaomi Mi 11,Android,3.5,210,4.9,2009.5,55,765,49,Female,3
476,Samsung Galaxy S21,Android,6.866666667,412,6.2,2705.8,68,1085,54,Female,4
477,Google Pixel 5,Android,5.3,318,6.6,2659.6,77,1126,49,Female,4
478,iPhone 12,iOS,4.3,258,4.2,1956.2,44,762,59,Female,3
479,OnePlus 9,Android,4.3,258,4.3,2008.8,59,718,41,Female,3
480,Samsung Galaxy S21,Android,3.15,189,4.8,1984.5,59,795,57,Male,3
481,iPhone 12,iOS,2.583333333,155,2.4,1355.8,39,441,51,Male,2
482,Samsung Galaxy S21,Android,8.8,528,10.4,3727,87,2140,34,Male,5
483,iPhone 12,iOS,9.15,549,11.1,3806.4,87,1814,56,Male,5
484,Xiaomi Mi 11,Android,1.3,78,1.6,873,18,230,49,Female,1
485,iPhone 12,iOS,7.4,444,6,2704.3,61,1093,39,Female,4
486,Xiaomi Mi 11,Android,1.333333333,80,1.1,822.5,18,298,36,Male,1
487,iPhone 12,iOS,2.183333333,131,3.8,1465.7,34,330,57,Female,2
488,iPhone 12,iOS,3.8,228,4.4,1950.4,46,804,57,Female,3
489,Xiaomi Mi 11,Android,6.933333333,416,7.3,2850,62,1333,32,Female,4
490,Google Pixel 5,Android,9.766666667,586,9.3,3712.5,94,2332,21,Male,5
491,Google Pixel 5,Android,6.933333333,416,6.1,2709.3,71,1096,47,Male,4
492,iPhone 12,iOS,2.533333333,152,3.7,1463.4,22,507,53,Female,2
493,Xiaomi Mi 11,Android,1.45,87,1.5,872.8,19,198,36,Female,1
494,OnePlus 9,Android,5.483333333,329,6.8,2700,69,1383,23,Male,4
495,Samsung Galaxy S21,Android,1.783333333,107,2.5,1269.2,24,545,29,Female,2
496,Google Pixel 5,Android,8.216666667,493,10.9,3740.9,88,2116,57,Male,5
497,iPhone 12,iOS,3.033333333,182,4.8,1952.4,51,807,43,Female,3
498,iPhone 12,iOS,1.7,102,2.9,1331.2,37,362,20,Female,2
499,Google Pixel 5,Android,4.566666667,274,4.5,2054.2,54,869,53,Male,3
500,iPhone 12,iOS,2.383333333,143,3.6,1451.1,26,504,45,Female,2
501,Google Pixel 5,Android,1.1,66,1.3,805.5,14,195,32,Male,1
502,Xiaomi Mi 11,Android,7,420,7.7,2924.7,74,1187,24,Female,4
503,Xiaomi Mi 11,Android,9.7,582,8.4,3606.3,91,2493,55,Female,5
504,Google Pixel 5,Android,3.333333333,200,5.8,2109.2,50,965,52,Male,3
505,Google Pixel 5,Android,8.216666667,493,8.5,3519.3,99,2450,47,Male,5
506,Samsung Galaxy S21,Android,5.8,348,6.6,2695.5,66,1415,49,Female,4
507,Xiaomi Mi 11,Android,3.966666667,238,5.1,2058.4,45,941,27,Male,3
508,Xiaomi Mi 11,Android,0.55,33,2,834.3,11,173,42,Female,1
509,Google Pixel 5,Android,4.45,267,5.9,2178.1,45,791,22,Male,3
510,iPhone 12,iOS,8.2,492,10,3622.8,90,1968,31,Male,5
511,Google Pixel 5,Android,4.016666667,241,5.3,2128.9,58,976,38,Female,3
512,Samsung Galaxy S21,Android,9.45,567,10.8,3787.2,89,1682,39,Male,5
513,Samsung Galaxy S21,Android,0.6,36,1.6,815.9,17,249,34,Male,1
514,OnePlus 9,Android,1.833333333,110,3.4,1398.4,31,507,57,Female,2
515,Samsung Galaxy S21,Android,7.766666667,466,7.1,2938.4,73,1461,54,Male,4
516,OnePlus 9,Android,2.1,126,2.2,1275.9,28,599,25,Male,2
517,Xiaomi Mi 11,Android,2,120,3.8,1477.5,36,535,44,Male,2
518,iPhone 12,iOS,1.066666667,64,1.2,808.1,19,218,25,Male,1
519,OnePlus 9,Android,9.566666667,574,8.5,3527.2,87,1809,34,Female,5
520,OnePlus 9,Android,1.983333333,119,2.2,1225.8,22,371,51,Male,2
521,OnePlus 9,Android,5.833333333,350,6.5,2720.2,75,1485,20,Male,4
522,Google Pixel 5,Android,1.15,69,1.1,800,17,250,25,Male,1
523,Xiaomi Mi 11,Android,7.3,438,6.5,2768.5,64,1125,49,Female,4
524,Samsung Galaxy S21,Android,8.433333333,506,11.2,3858.7,98,2460,48,Male,5
525,Samsung Galaxy S21,Android,4.533333333,272,5.2,2100.9,45,792,57,Female,3
526,Samsung Galaxy S21,Android,3.733333333,224,4.5,1976.2,57,665,59,Male,3
527,Google Pixel 5,Android,1.65,99,2.4,1259.8,36,318,29,Female,2
528,iPhone 12,iOS,0.733333333,44,1.2,745.8,10,131,57,Female,1
529,Google Pixel 5,Android,2.916666667,175,3,1423.1,32,338,24,Male,2
530,Google Pixel 5,Android,3.8,228,4.8,2000.6,47,796,42,Female,3
531,Xiaomi Mi 11,Android,9.816666667,589,11.8,4007.2,86,2479,43,Female,5
532,OnePlus 9,Android,5.65,339,7.9,2817.1,66,1191,47,Male,4
533,iPhone 12,iOS,7.183333333,431,6.4,2760.7,66,1200,23,Female,4
534,Xiaomi Mi 11,Android,3.166666667,190,4.7,1979.8,57,915,22,Female,3
535,OnePlus 9,Android,6.483333333,389,6.1,2690,67,1383,30,Male,4
536,Samsung Galaxy S21,Android,2.316666667,139,3.3,1410.6,24,573,25,Female,2
537,Samsung Galaxy S21,Android,4.816666667,289,5.9,2228.8,48,915,30,Male,3
538,Samsung Galaxy S21,Android,9.883333333,593,11.1,3894.5,82,2258,34,Female,5
539,Google Pixel 5,Android,9.6,576,9.5,3730.1,98,2281,38,Female,5
540,OnePlus 9,Android,9.866666667,592,9.4,3672.4,95,1701,27,Female,5
541,iPhone 12,iOS,9.45,567,10.5,3802.4,89,2194,52,Male,5
542,iPhone 12,iOS,2.833333333,170,2.5,1343.4,21,537,25,Female,2
543,Google Pixel 5,Android,4.033333333,242,5.4,2078.9,48,642,28,Male,3
544,Samsung Galaxy S21,Android,4.583333333,275,5.5,2136.3,48,656,55,Male,3
545,Google Pixel 5,Android,9.066666667,544,9.7,3653,97,1727,28,Female,5
546,OnePlus 9,Android,0.833333333,50,2,875.9,17,182,34,Female,1
547,OnePlus 9,Android,3.933333333,236,4.6,1998.8,45,971,21,Female,3
548,iPhone 12,iOS,2.316666667,139,2.6,1332.1,33,358,58,Female,2
549,Google Pixel 5,Android,6.383333333,383,6.6,2760.7,74,1360,45,Male,4
550,Samsung Galaxy S21,Android,2.866666667,172,4,1556.1,32,508,21,Female,2
551,Xiaomi Mi 11,Android,7.583333333,455,6.2,2795.4,72,1287,42,Male,4
552,Samsung Galaxy S21,Android,2.616666667,157,2.5,1336.6,30,373,37,Female,2
553,iPhone 12,iOS,2.883333333,173,3.8,1514,23,583,32,Male,2
554,Samsung Galaxy S21,Android,6.75,405,7.3,2857.2,75,1162,37,Female,4
555,iPhone 12,iOS,6.45,387,6.6,2715.6,61,1246,19,Female,4
556,Xiaomi Mi 11,Android,3.35,201,4.9,1976.2,41,972,32,Female,3
557,iPhone 12,iOS,2.366666667,142,3.5,1421.3,25,370,40,Female,2
558,Samsung Galaxy S21,Android,3.3,198,4.2,1861,43,640,27,Male,3
559,Google Pixel 5,Android,6.016666667,361,7.6,2793.9,65,1056,55,Male,4
560,OnePlus 9,Android,9.216666667,553,11.6,3858.3,81,1860,47,Male,5
561,Samsung Galaxy S21,Android,6.8,408,6.2,2705.3,69,1103,38,Female,4
562,Xiaomi Mi 11,Android,2.016666667,121,2.1,1234.1,21,578,18,Male,2
563,Google Pixel 5,Android,1.183333333,71,1.4,834.2,15,265,33,Female,1
564,iPhone 12,iOS,0.766666667,46,1.6,809.8,10,265,31,Male,1
565,Xiaomi Mi 11,Android,4.833333333,290,4.4,2070.7,55,910,44,Male,3
566,Samsung Galaxy S21,Android,1,60,1.3,810.6,15,296,40,Male,1
567,Google Pixel 5,Android,1.933333333,116,3.9,1450.5,26,498,35,Female,2
568,OnePlus 9,Android,1.433333333,86,1.7,889.4,16,227,32,Male,1
569,Google Pixel 5,Android,4.85,291,5.3,2123,43,700,49,Female,3
570,Google Pixel 5,Android,6.733333333,404,6.6,2794.4,77,1327,18,Male,4
571,OnePlus 9,Android,7.35,441,7.1,2904.1,74,1421,57,Male,4
572,Google Pixel 5,Android,7.4,444,6.1,2762.4,73,1194,25,Female,4
573,OnePlus 9,Android,3.516666667,211,5.9,2101.7,42,864,56,Female,3
574,Samsung Galaxy S21,Android,8.95,537,9.1,3581.8,86,2158,22,Male,5
575,Xiaomi Mi 11,Android,8.65,519,10.9,3795.3,93,2163,47,Female,5
576,Samsung Galaxy S21,Android,1.566666667,94,3.5,1379.9,30,446,49,Male,2
577,Google Pixel 5,Android,9.233333333,554,10.3,3684.3,83,1606,34,Female,5
578,iPhone 12,iOS,6.35,381,7.5,2835.1,66,1291,37,Female,4
579,OnePlus 9,Android,4.283333333,257,6,2201.3,49,916,40,Female,3
580,Samsung Galaxy S21,Android,0.783333333,47,1.1,760.9,18,122,36,Male,1
581,iPhone 12,iOS,8.783333333,527,10,3622.4,82,1737,27,Female,5
582,Samsung Galaxy S21,Android,2.466666667,148,2.7,1364.9,34,416,27,Male,2
583,iPhone 12,iOS,3.183333333,191,5.7,2096.8,53,991,19,Female,3
584,Google Pixel 5,Android,1.183333333,71,1.9,864.4,10,117,43,Female,1
585,OnePlus 9,Android,1.216666667,73,1.3,827.8,19,175,30,Female,1
586,OnePlus 9,Android,2.483333333,149,3.1,1411,28,563,29,Male,2
587,Xiaomi Mi 11,Android,3.283333333,197,4.4,1883.5,44,608,43,Female,3
588,Samsung Galaxy S21,Android,5.466666667,328,6.1,2595.4,72,1101,24,Male,4
589,OnePlus 9,Android,7.066666667,424,7.5,2913.1,75,1228,36,Male,4
590,Samsung Galaxy S21,Android,1.85,111,3.6,1404.4,26,464,39,Female,2
591,Samsung Galaxy S21,Android,2.65,159,3.7,1512.5,33,575,30,Male,2
592,Google Pixel 5,Android,9.666666667,580,11.5,3939.4,84,2341,36,Female,5
593,Samsung Galaxy S21,Android,6.316666667,379,7.7,2826.3,64,1050,22,Female,4
594,Samsung Galaxy S21,Android,3.616666667,217,4.2,1887,42,677,26,Female,3
595,Xiaomi Mi 11,Android,7.45,447,6.3,2785.1,63,1441,48,Male,4
596,OnePlus 9,Android,8.533333333,512,10.5,3658.1,82,1694,41,Male,5
597,Xiaomi Mi 11,Android,8.516666667,511,10.8,3789,91,2387,21,Male,5
598,OnePlus 9,Android,2.333333333,140,2.5,1314.4,31,347,59,Male,2
599,Samsung Galaxy S21,Android,1.9,114,3,1364.6,31,596,28,Male,2
600,Samsung Galaxy S21,Android,3.2,192,4.3,1888.5,42,905,47,Female,3
601,iPhone 12,iOS,5.416666667,325,6,2592.9,70,1296,30,Female,4
602,OnePlus 9,Android,1.383333333,83,1.2,828.1,15,284,44,Male,1
603,OnePlus 9,Android,2.033333333,122,3,1356,32,373,43,Male,2
604,OnePlus 9,Android,2.3,138,2.1,1244.4,22,424,41,Female,2
605,OnePlus 9,Android,3.033333333,182,5.3,1993.2,42,885,54,Female,3
606,OnePlus 9,Android,7.083333333,425,6,2717.7,72,1150,53,Female,4
607,OnePlus 9,Android,9.666666667,580,10.4,3808.4,81,2441,37,Female,5
608,Xiaomi Mi 11,Android,3.383333333,203,4,1897.4,56,787,21,Male,3
609,Xiaomi Mi 11,Android,4.3,258,4.9,2093.7,56,937,40,Female,3
610,iPhone 12,iOS,9.183333333,551,8.5,3520.8,92,1901,51,Male,5
611,iPhone 12,iOS,8.45,507,9.6,3567.3,95,1543,48,Male,5
612,Xiaomi Mi 11,Android,0.95,57,1.3,793.1,16,131,37,Male,1
613,Xiaomi Mi 11,Android,9.216666667,553,10.2,3751.4,82,2441,44,Male,5
614,Google Pixel 5,Android,0.816666667,49,1.1,760.6,16,153,46,Female,1
615,Samsung Galaxy S21,Android,1.766666667,106,4,1439.6,23,493,18,Male,2
616,Google Pixel 5,Android,1.983333333,119,3.7,1456.8,36,461,52,Male,2
617,OnePlus 9,Android,4.8,288,5.4,2155.7,49,767,36,Female,3
618,Google Pixel 5,Android,3.75,225,5.6,2133.5,55,965,36,Female,3
619,OnePlus 9,Android,5.7,342,7,2716.7,71,1077,26,Female,4
620,Samsung Galaxy S21,Android,4.866666667,292,4.2,2042,54,867,59,Male,3
621,iPhone 12,iOS,3.633333333,218,5,2025.9,46,972,59,Female,3
622,Google Pixel 5,Android,1.066666667,64,1.8,873.7,15,274,56,Male,1
623,Xiaomi Mi 11,Android,7.55,453,7.4,2891.6,65,1046,41,Female,4
624,OnePlus 9,Android,0.7,42,1.8,845.4,15,284,21,Male,1
625,Samsung Galaxy S21,Android,0.6,36,1.5,800.2,15,272,45,Male,1
626,OnePlus 9,Android,0.916666667,55,1.8,844.9,12,196,31,Female,1
627,iPhone 12,iOS,3.5,210,5,2006.9,53,679,55,Female,3
628,iPhone 12,iOS,3.783333333,227,5.2,2056.7,46,920,59,Male,3
629,Xiaomi Mi 11,Android,0.783333333,47,1.2,784.1,18,234,55,Male,1
630,iPhone 12,iOS,7.683333333,461,6.3,2757.1,62,1004,21,Male,4
631,Google Pixel 5,Android,1.566666667,94,3.1,1360.2,38,489,25,Male,2
632,Samsung Galaxy S21,Android,3.6,216,5.1,2059.7,54,977,45,Female,3
633,iPhone 12,iOS,8.266666667,496,10.2,3629.4,84,1921,56,Female,5
634,OnePlus 9,Android,2.3,138,3.2,1397.6,31,366,29,Female,2
635,iPhone 12,iOS,5.3,318,6.6,2642.3,67,1253,43,Male,4
636,Samsung Galaxy S21,Android,1.6,96,3.4,1393.1,39,401,48,Female,2
637,OnePlus 9,Android,8.5,510,10.7,3706.9,90,1729,47,Male,5
638,Xiaomi Mi 11,Android,1.383333333,83,1.1,801.6,10,289,32,Female,1
639,Google Pixel 5,Android,6.95,417,6.2,2702.5,63,1135,35,Female,4
640,Google Pixel 5,Android,8.966666667,538,9.8,3674.3,91,2080,35,Female,5
641,Samsung Galaxy S21,Android,1.05,63,1.8,860.1,11,271,42,Male,1
642,OnePlus 9,Android,0.833333333,50,1.4,808.2,16,255,26,Female,1
643,Google Pixel 5,Android,8.366666667,502,8.2,3378.6,90,1553,27,Male,5
644,OnePlus 9,Android,1.75,105,3.3,1397.6,35,566,46,Male,2
645,Google Pixel 5,Android,3.1,186,4.8,1977.9,53,949,20,Female,3
646,Xiaomi Mi 11,Android,2.9,174,2.9,1383.5,23,345,20,Female,2
647,Samsung Galaxy S21,Android,1.483333333,89,1.3,842.8,16,201,58,Female,1
648,iPhone 12,iOS,1.1,66,1.5,847.3,17,283,42,Female,1
649,iPhone 12,iOS,6.483333333,389,6.3,2736.1,76,1334,53,Male,4
650,Xiaomi Mi 11,Android,3.1,186,5.4,2049,58,790,31,Female,3
651,Google Pixel 5,Android,2.483333333,149,2,1291.3,39,356,49,Male,2
652,iPhone 12,iOS,1.15,69,1.7,842.7,10,167,51,Female,1
653,Xiaomi Mi 11,Android,3.433333333,206,5.2,2009.1,47,694,30,Male,3
654,Samsung Galaxy S21,Android,0.816666667,49,1.2,780.7,19,144,29,Male,1
655,Google Pixel 5,Android,9.9,594,10.5,3789.7,91,1647,56,Male,5
656,Google Pixel 5,Android,1.733333333,104,3.7,1419,29,493,39,Male,2
657,Google Pixel 5,Android,4.366666667,262,5.6,2161.1,59,628,54,Female,3
658,Xiaomi Mi 11,Android,4.633333333,278,5.3,2164.1,56,894,40,Female,3
659,Xiaomi Mi 11,Android,7.716666667,463,6.8,2860.9,68,1236,43,Female,4
660,Xiaomi Mi 11,Android,8.416666667,505,9.6,3635.8,91,2375,35,Male,5
661,Google Pixel 5,Android,0.833333333,50,1.5,797.3,12,146,59,Male,1
662,Xiaomi Mi 11,Android,2.3,138,3.1,1397.5,29,545,48,Male,2
663,Xiaomi Mi 11,Android,2.166666667,130,3.2,1413.1,37,448,45,Male,2
664,Google Pixel 5,Android,7.816666667,469,6.4,2857,78,1297,55,Female,4
665,Xiaomi Mi 11,Android,9.25,555,10.3,3725.3,83,2003,52,Male,5
666,iPhone 12,iOS,3.3,198,5.4,2034.5,53,635,53,Male,3
667,Samsung Galaxy S21,Android,8.816666667,529,11.4,3803.8,82,1845,46,Male,5
668,Samsung Galaxy S21,Android,3.416666667,205,5.5,2053.2,49,729,36,Male,3
669,iPhone 12,iOS,2.833333333,170,2.4,1362.1,38,334,23,Male,2
670,Samsung Galaxy S21,Android,2.666666667,160,3.2,1424.2,31,339,27,Female,2
671,iPhone 12,iOS,1.35,81,1.6,861.4,13,224,48,Male,1
672,Google Pixel 5,Android,7.8,468,7.3,2912.9,64,1209,22,Male,4
673,Xiaomi Mi 11,Android,8.333333333,500,11.2,3806.5,84,2438,27,Male,5
674,Google Pixel 5,Android,0.616666667,37,1.6,816.9,18,216,52,Male,1
675,Xiaomi Mi 11,Android,8.7,522,11.4,3819.8,93,1768,27,Female,5
676,Xiaomi Mi 11,Android,1.35,81,1.5,854.9,17,159,40,Male,1
677,OnePlus 9,Android,2.35,141,3.8,1515.6,38,576,34,Male,2
678,Samsung Galaxy S21,Android,1.916666667,115,3.5,1400.8,26,495,52,Female,2
679,Google Pixel 5,Android,4.966666667,298,4.6,2107.7,59,814,36,Female,3
680,iPhone 12,iOS,0.55,33,1.8,819.3,16,113,36,Female,1
681,Google Pixel 5,Android,5.116666667,307,6.1,2580.4,76,1111,25,Female,4
682,Xiaomi Mi 11,Android,6.333333333,380,7.6,2868.8,77,1191,30,Male,4
683,Xiaomi Mi 11,Android,3.166666667,190,5.5,2068.8,58,815,42,Male,3
684,Samsung Galaxy S21,Android,1.25,75,1.6,850.5,12,225,45,Male,1
685,Google Pixel 5,Android,3.633333333,218,4,1893.9,47,822,25,Male,3
686,Xiaomi Mi 11,Android,6.866666667,412,6.6,2781.6,67,1393,18,Male,4
687,Google Pixel 5,Android,5.583333333,335,7.7,2775.4,68,1007,18,Male,4
688,OnePlus 9,Android,6.45,387,6.3,2672.8,61,1178,54,Male,4
689,Google Pixel 5,Android,4.35,261,4.9,2086.4,56,824,52,Female,3
690,Samsung Galaxy S21,Android,9.016666667,541,9.5,3610.3,98,1550,32,Male,5
691,Google Pixel 5,Android,3.25,195,5.7,2055.9,48,679,30,Male,3
692,iPhone 12,iOS,2.966666667,178,4,1585.2,37,569,51,Female,2
693,Xiaomi Mi 11,Android,6.3,378,6.7,2787.5,78,1455,48,Female,4
694,Xiaomi Mi 11,Android,8.416666667,505,8.6,3422.2,82,1709,31,Male,5
695,Samsung Galaxy S21,Android,9.4,564,9.7,3663.5,83,1985,34,Female,5
696,iPhone 12,iOS,1.533333333,92,3.9,1406.8,26,381,22,Male,2
697,Xiaomi Mi 11,Android,5.266666667,316,6.8,2661.4,68,1201,59,Male,4
698,Google Pixel 5,Android,1.65,99,3.1,1315.7,22,457,50,Female,2
699,Samsung Galaxy S21,Android,1.033333333,62,1.7,848.1,13,224,44,Male,1
700,OnePlus 9,Android,3.533333333,212,5.4,2060.5,49,828,23,Female,3
